,MAE,RMSE,MSE,IoU,EPE,D1 (%)
HITNET,1.2421455,2.110237,7.3924236,0.742733222301959,1.2421455,13.037450856891223
CRE,1.2851268,2.1448004,7.6581306,0.7436711676918701,1.2851268,13.476850577626992
D455,1.0070282,1.8997625,6.058572,0.7079687212603546,1.0070282,9.356304869654961
