,MAE,RMSE,MSE,IoU,EPE,D1 (%)
HITNET,1.2274355,2.0336156,6.6480937,0.75662047719349,1.2274355,12.505425418771042
CRE,1.2599071,2.0566494,6.7797556,0.7569779472265316,1.2599071,12.9940616606736
D455,0.95870984,1.7912563,5.0668335,0.7234663487712633,0.95870984,8.742674277932483
