,MAE,RMSE,MSE,IoU,EPE,D1 (%)
HITNET,3.8248436,7.193609,56.191536,0.9497720649269284,3.8248436,38.15051807631649
CRE,4.529043,7.475297,59.709015,0.9680051573118332,4.529043,50.04460178347553
D455,8.135561,16.615973,304.15405,0.9118985558592645,8.135561,39.274852052453475
