,MAE,RMSE,MSE,IoU,D1 (%)
HITNET,0.87552613,1.7987872,5.6373897,0.7568082841356458,7.6957824895386295
CRE,0.903933,1.8248303,5.795977,0.7586469751245082,7.9303937148208705
D455,0.7749275,1.6967927,4.9649763,0.6947546681272644,5.979966449501879
