,MAE,RMSE,MSE,IoU,D1 (%)
HITNET,0.6112422,1.5742733,4.372243,0.7669545346715827,3.8451489239131824
CRE,0.62914294,1.5941744,4.453612,0.7694425436260849,3.9321348381096835
D455,0.60761374,1.5504786,4.1766396,0.6852290905299689,3.546074797033802
