,MAE,RMSE,MSE,IoU,EPE,D1 (%)
HITNET,1.2498453,2.1264272,7.5608597,0.7328207344165347,1.2498453,13.177951521078704
CRE,1.2926397,2.1624472,7.837163,0.7337953182982391,1.2926397,13.628323332073865
D455,1.0192506,1.923485,6.2320232,0.6977411371182776,1.0192506,9.613711659712372
