,MAE,RMSE,MSE,IoU,EPE,D1 (%)
HITNET,4.311954,7.2273293,71.74292,0.9520950977317237,4.311954,34.039404076200555
CRE,4.2466183,7.1115,68.87363,0.9844138294964736,4.2466183,34.48373034840406
D455,5.1064997,9.622929,141.40715,0.900043004119285,5.1064997,31.139242455208592
