,MAE,RMSE,MSE,IoU,EPE,D1 (%)
HITNET,4.3121967,7.226738,71.73584,0.9521008848692318,4.3121967,34.04440183846704
CRE,4.246523,7.110908,68.86641,0.9844196166339819,4.246523,34.482444586890736
D455,5.105912,9.62252,141.39873,0.9000708743923892,5.105912,31.131440715856566
